country,1960,1961,1962,1963,1964,1965,1966,1967,1968,1969,1970,1971,1972,1973,1974,1975,1976,1977,1978,1979,1980,1981,1982,1983,1984,1985,1986,1987,1988,1989,1990,1991,1992,1993,1994,1995,1996,1997,1998,1999,2000,2001,2002,2003,2004,2005,2006,2007,2008,2009,2010,2011,2012,2013,2014,2015,2016,2017,2018,2019
Angola,,,,,,,,,,,,90,98.7,112,136,139,60.4,58.4,56.5,58.7,60.7,58.6,60.4,63.3,52.2,60.6,58.5,56.8,55.2,53.7,53.3,54.5,53.6,52.2,50.8,49.4,51.2,69.3,73.3,71.9,75.3,82.6,86,95.8,87.5,109,145,133,172,189,206,207,219,279,310,,,,,
Albania,,,,,,,,,,,,532,568,593,591,739,909,1070,1100,1070,1140,1120,1100,1070,1020,796,1420,1160,1010,1020,552,418,454,536,596,664,904,695,735,1410,1450,1350,1580,1470,1800,1720,1220,1210,1620,1840,1940,2210,2120,2530,2310,,,,,
UAE,,,,,,,,,,,,549,1110,1520,1780,2340,2940,3890,4350,5110,5780,6100,7100,7620,7820,8090,8110,8060,8200,7930,8180,7860,8040,8890,9270,9330,9390,9660,10.8k,11.7k,11.8k,11.6k,12k,12k,12.2k,13.2k,12.7k,12k,11.5k,10.5k,10.7k,10.7k,11k,11.3k,11.6k,,,,,
Argentina,,,,,,,,,,,,876,927,964,994,1010,1030,1080,1090,1210,1240,1190,1200,1250,1300,1290,1330,1410,1450,1320,1300,1350,1410,1490,1570,1640,1720,1840,1960,2020,2080,2110,2000,2170,2280,2400,2360,2440,2760,2720,2880,2930,3000,2970,3070,,,,,
Armenia,,,,,,,,,,,,,,,,,,,,,,,,,,,,,,,2710,2610,1890,1160,1020,1020,1170,1450,1260,1260,1260,1240,1210,1290,1410,1490,1600,1730,1630,1620,1690,1770,1870,1930,1980,,,,,
Australia,1830,1950,2010,2210,2420,2630,2770,2970,3100,3330,3610,3750,3880,4230,4580,4780,4900,5250,5420,5670,5920,6150,6390,6360,6680,6990,7310,7530,7800,8130,8530,8520,8560,8720,8840,9030,9150,9340,9840,10.1k,10.3k,10.7k,10.9k,10.5k,10.7k,10.6k,10.6k,11k,10.7k,10.8k,10.7k,10.6k,10.4k,10.2k,10.1k,,,,,
Austria,1810,1880,2010,2120,2230,2310,2380,2450,2610,2810,3020,3210,3400,3620,3770,3730,4070,4140,4340,4540,4680,4700,4730,4830,5070,5280,5320,5540,5720,5900,6110,6350,6230,6140,6210,6340,6610,6620,6710,6970,7080,7330,7430,7700,7810,7980,8240,8210,8230,7940,8380,8430,8550,8510,8360,,,,,
Azerbaijan,,,,,,,,,,,,,,,,,,,,,,,,,,,,,,,2570,2630,2280,2120,1960,1950,1850,1810,1940,2020,2040,2110,2000,2240,2280,2390,2550,2120,2040,1620,1600,1710,2050,2090,2200,,,,,
Belgium,1580,1630,1750,1880,2060,2160,2260,2360,2600,2830,3030,3220,3610,3940,4130,3890,4250,4400,4620,4910,4890,4910,4900,5040,5290,5500,5620,5880,6060,6210,6380,6660,6850,6880,7180,7380,7530,7700,7910,7940,8250,8270,8310,8410,8580,8510,8680,8610,8520,7900,8390,8030,7990,7990,7710,,,,,
Benin,,,,,,,,,,,,10.4,11.4,18,16.4,17.5,18.8,20.6,44.8,24.1,26.9,31,17,35.5,31.4,32.4,30.1,29.9,35,32.7,33.9,35.7,37.9,37.9,38,40.9,43.7,47.1,44,51,57,60.3,67,63.5,69,72.3,73.4,77.9,84.3,85.7,93,89,90.5,93.9,97.1,,,,,
Bangladesh,,,,,,,,,,,,10.4,10.2,14.6,16.1,16.2,16.5,17.5,20.6,20.3,18.1,21.7,24.5,27.9,30.7,31.7,36,37.5,40.6,48.6,47.9,48.7,58.6,65.4,69.3,76.5,80.4,82.5,87.6,96,103,114,121,128,163,174,195,204,206,225,246,264,281,299,317,,,,,
Bulgaria,,,,,,,,,,,,2290,2490,2680,2840,3040,3250,3440,3650,3770,3970,4130,4400,4580,4770,4680,4650,4840,4940,4960,4760,4360,3740,3810,3830,4210,4350,3970,3930,3610,3670,3860,3850,4000,3970,4170,4370,4520,4670,4480,4560,4860,4760,4640,4710,,,,,
Bahrain,,,,,,,,,,,,1860,1850,1950,2120,2460,3000,3520,3660,4250,4580,4810,5140,5470,14.9k,15.4k,15.8k,14.1k,14.8k,14.8k,15k,13.5k,17.5k,20.2k,19k,18.9k,18.8k,19.2k,19.4k,19k,18.7k,19.2k,19.7k,19.8k,18.9k,21k,21.2k,20.5k,18.6k,17.5k,18.4k,18.9k,18.9k,19.5k,20k,,,,,
Bosnia and Herzegovina,,,,,,,,,,,,,,,,,,,,,,,,,,,,,,,2920,2040,1100,732,935,979,1090,1280,1610,1650,1820,1850,1870,2010,2110,2200,2210,2240,2840,2790,3070,3270,3410,3400,3360,,,,,
Belarus,,,,,,,,,,,,,,,,,,,,,,,,,,,,,,,4380,4430,3910,3450,3070,2790,2810,2950,3020,3010,3000,3010,3000,3060,3170,3250,3370,3390,3480,3300,3570,3630,3700,3660,3690,,,,,
Bolivia,,,,,,,,,,,,162,170,170,177,185,195,211,222,231,247,259,257,246,245,237,227,226,238,249,257,272,281,303,323,342,360,379,396,409,407,409,422,430,440,469,499,530,519,538,586,618,643,683,728,,,,,
Brazil,,,,,,,,,,,,454,492,547,597,643,712,780,849,929,1000,1010,1040,1100,1200,1270,1340,1350,1400,1430,1440,1470,1480,1520,1550,1620,1670,1750,1800,1820,1890,1740,1800,1870,1950,2010,2070,2160,2220,2190,2370,2420,2490,2560,2610,,,,,
Brunei,,,,,,,,,,,,1720,1650,1580,1550,1500,1450,1400,1360,1310,1750,2330,2710,3150,3340,3300,3230,4190,4260,4260,4270,4410,4760,5210,5530,6340,6790,7590,7730,7360,7530,7170,7360,8530,8570,8430,8370,8530,8470,8700,8650,8610,9070,9700,10.1k,,,,,
Botswana,,,,,,,,,,,,,,,,,,,,,,556,590,587,601,624,710,801,684,698,738,819,888,882,918,891,915,979,1040,1020,1100,1160,1210,1290,1410,1390,1420,1460,1470,1660,1480,1420,1650,1980,1680,,,,,
Canada,5630,5610,5790,5970,6470,6910,7360,7630,8030,8530,8960,9170,9800,10.2k,10.8k,10.5k,11.1k,11.8k,12.3k,12.4k,12.8k,13.2k,13k,13.5k,14.3k,14.9k,15.4k,15.8k,16.4k,16.5k,16.2k,16.2k,16.2k,16.3k,16.4k,16.5k,16.6k,16.7k,16.4k,16.7k,17k,16.8k,17k,17.2k,17.3k,16.9k,16.5k,16.7k,16.4k,15.5k,15.3k,15.6k,15.3k,15.8k,15.6k,,,,,
Switzerland,3080,3230,3280,3350,3450,3590,3650,3750,3850,4020,4310,4620,4780,5010,5030,4880,5080,5320,5520,5780,5990,6120,6190,6330,6600,6850,6990,7160,7200,7370,7450,7540,7430,7240,7160,7280,7390,7340,7480,7650,7850,7990,8030,8200,8210,8310,8360,8160,8310,8020,8170,7930,7890,7810,7520,,,,,
Chile,,,,,,,,,,,,758,785,755,797,728,765,790,830,873,899,915,883,901,961,983,1020,1050,1120,1200,1230,1310,1450,1510,1580,1740,1920,2070,2170,2390,2500,2630,2730,2900,3060,3100,3230,3350,3350,3310,3320,3600,3820,3890,3900,,,,,
China,,,,,,,,,,,,152,164,176,174,199,204,221,247,267,282,286,299,317,336,363,391,427,462,487,511,549,605,663,727,770,821,853,871,914,993,1080,1190,1380,1590,1780,2040,2330,2450,2610,2940,3300,3470,3760,3910,,,,,
Cote d'Ivoire,,,,,,,,,,,,90.4,97.2,107,109,118,131,141,154,191,177,184,183,175,131,150,152,171,176,161,161,148,153,144,146,175,160,170,184,172,170,178,172,169,168,166,176,181,189,195,209,192,230,229,271,,,,,
Cameroon,,,,,,,,,,,,154,157,154,171,176,167,157,158,157,158,200,224,219,210,230,214,214,216,217,205,198,195,197,172,165,170,180,177,182,180,170,159,172,198,191,252,260,274,271,268,262,253,257,280,,,,,
"Congo, Dem. Rep.",,,,,,,,,,,,161,158,166,168,166,161,158,148,142,149,134,128,135,138,144,146,141,140,163,126,121,112,101,98.2,105,102,93.3,91.3,92.5,93.6,92.3,86.6,87.2,85.4,86.7,98.6,102,98.2,104,102,105,109,114,105,,,,,
"Congo, Rep.",,,,,,,,,,,,53.5,54.5,59.4,60.1,62.8,65.4,67.4,69.3,73.3,80.9,68.4,103,98.9,149,112,175,178,166,168,172,183,175,158,142,150,153,129,111,69.6,95.4,104,115,114,104,116,124,123,133,141,135,142,205,204,194,,,,,
Colombia,,,,,,,,,,,,426,412,445,486,467,483,528,585,625,655,651,676,680,736,771,826,800,819,866,885,884,790,885,922,932,922,928,904,837,855,875,882,886,922,918,971,998,998,1080,1100,1150,1180,1320,1320,,,,,
Costa Rica,,,,,,,,,,,,602,648,671,713,725,760,791,842,850,922,953,924,908,978,995,1060,1130,1130,1060,1060,1110,1390,1320,1260,1270,1240,1350,1310,1430,1500,1480,1550,1630,1670,1710,1810,1870,1870,1830,1870,1870,1920,1920,1920,,,,,
Cuba,,,,,,,,,,,,497,507,540,566,618,667,719,787,864,844,968,1010,1050,1110,998,1070,1090,1140,1180,1210,1040,901,836,894,916,972,1040,1050,1080,1140,1160,1190,1200,1180,1160,1230,1300,1320,1330,1300,1330,1370,1430,1450,,,,,
Cyprus,,,,,,,,,,,,954,1100,1190,1030,1040,1150,1230,1300,1380,1430,1440,1530,1620,1630,1700,1790,1870,2010,2220,2360,2430,2800,2980,3030,2760,2800,2850,3080,3160,3360,3440,3680,3890,3910,4060,4200,4340,4510,4520,4520,4160,3960,3520,3550,,,,,
Czech Republic,,,,,,,,,,,,3420,3600,3730,3860,4030,4170,4290,4500,4390,4590,4640,4680,4810,4960,5140,5260,5450,5500,5580,5600,5260,5080,5030,5190,5470,5730,5660,5600,5490,5700,5890,5890,6070,6230,6360,6530,6520,6490,6140,6350,6300,6300,6280,6260,,,,,
Germany,1590,1680,1790,1920,2060,2190,2300,2360,2580,2820,3830,4060,4340,4650,4800,4740,5150,5290,5570,5790,5800,5830,5820,5970,6240,6450,6530,6670,6780,6840,6640,6560,6450,6290,6240,6330,6400,6430,6480,6510,6640,6760,6900,7010,7110,7140,7210,7230,7190,6820,7260,7280,7270,7220,7040,,,,,
Denmark,1090,1190,1360,1500,1620,1820,1980,2130,2340,2620,2890,3060,3350,3430,3250,3410,3790,4000,4310,4540,4600,4590,4680,4740,4980,5350,5620,5790,5860,5850,5940,6220,6240,6310,6540,6420,6650,6610,6500,6510,6480,6490,6530,6600,6620,6660,6820,6670,6530,6220,6330,6170,6040,6040,5860,,,,,
Dominican Republic,,,,,,,,,,,,330,311,403,367,406,385,425,413,475,445,447,331,369,448,480,488,481,383,336,391,401,543,511,528,498,635,638,1090,1270,1320,1280,1380,1350,1120,1230,1320,1350,1370,1320,1380,1420,1480,1540,1600,,,,,
Algeria,,,,,,,,,,,,141,151,169,182,207,228,239,286,323,339,372,415,426,449,473,490,459,486,527,537,538,566,554,556,565,576,581,624,659,689,715,736,792,809,896,868,899,952,870,1020,1130,1240,1280,1370,,,,,
Ecuador,,,,,,,,,,,,142,147,161,172,193,220,248,287,321,353,377,396,401,404,389,409,442,442,436,471,499,513,509,543,547,608,653,686,636,638,650,692,719,828,798,866,956,1080,1110,1140,1210,1280,1330,1380,,,,,
Egypt,,,,,,,,,,,,203,199,196,216,239,272,307,320,344,378,413,453,497,514,489,581,610,625,646,665,680,683,697,707,724,779,816,856,910,942,991,1040,1100,1140,1210,1270,1360,1400,1460,1490,1600,1600,1600,1590,,,,,
Eritrea,,,,,,,,,,,,,,,,,,,,,,,,,,,,,,,,,64,64.6,69,68.6,74.6,80.7,70.2,74.7,71.9,78.8,84.8,87.8,85,85.5,80.6,83.7,80.5,84.3,86.4,89.5,92.8,94.6,96.3,,,,,
Spain,495,550,613,664,745,823,926,1030,1150,1290,1420,1530,1700,1870,2020,2050,2260,2290,2400,2530,2640,2670,2660,2790,2900,2980,3000,3090,3220,3440,3540,3610,3690,3640,3760,3920,4010,4320,4480,4820,5170,5420,5580,5680,5890,6110,6110,6050,6030,5650,5710,5600,5570,5410,5360,,,,,
Estonia,,,,,,,,,,,,,,,,,,,,,,,,,,,,,,,5760,5620,4930,4050,4350,4240,4560,4810,4730,4460,4540,4680,4770,5160,5430,5530,5870,6280,6360,5980,6510,6310,6690,6660,6730,,,,,
Ethiopia,,,,,,,,,,,,19,18.9,18,17.2,16.6,16.1,15,15.6,17.1,18.2,19,19.6,20.4,21.5,20.1,20.1,20.6,19.4,18.7,22.6,21.8,21.5,23.1,23.5,23.9,24.3,23.7,23.6,22.7,22.5,26.2,25.9,28.2,30.3,33,36.9,38.9,40.3,41.4,47.4,51.6,56.2,62.9,68.1,,,,,
Finland,1870,2190,2390,2480,2720,2940,3200,3350,3630,4070,4570,4890,5520,6050,6140,5950,6550,6730,7330,7930,8300,8490,8530,9120,9810,10.5k,10.6k,11.4k,11.8k,12k,12.5k,12.5k,12.5k,13k,13.6k,13.6k,13.7k,14.5k,14.8k,15.1k,15.3k,15.7k,16.1k,16.4k,16.8k,16.1k,17.2k,17.2k,16.3k,15.2k,16.5k,15.7k,15.7k,15.5k,15.2k,,,,,
France,1460,1550,1660,1770,1920,2010,2120,2210,2280,2480,2640,2760,2940,3170,3280,3270,3610,3710,3950,4220,4430,4590,4620,4710,4950,5270,5520,5670,5750,5880,5990,6360,6480,6450,6530,6620,6900,6830,7010,7150,7220,7340,7300,7530,7660,7650,7540,7510,7640,7340,7730,7230,7360,7370,6940,,,,,
Gabon,,,,,,,,,,,,184,211,255,293,375,477,632,607,707,702,767,836,891,944,995,997,976,964,806,888,876,856,838,741,746,821,829,889,873,849,866,889,897,875,874,900,921,932,894,909,919,942,1030,1120,,,,,
UK,2410,2550,2780,3000,3130,3330,3430,3510,3760,4010,4170,4250,4370,4670,4530,4490,4590,4670,4730,4920,4680,4570,4480,4550,4600,4830,4950,5080,5230,5300,5360,5450,5450,5490,5380,5580,5820,5830,5910,6010,6110,6140,6140,6170,6140,6270,6200,6100,6020,5640,5700,5470,5450,5410,5130,,,,,
Georgia,,,,,,,,,,,,,,,,,,,,,,,,,,,,,,,3040,2700,2130,1940,1990,1490,1150,1330,1520,1560,1570,1580,1650,1750,1810,1920,1770,1830,1880,1830,2050,2290,2330,2500,2690,,,,,
Ghana,,,,,,,,,,,,303,336,381,387,363,373,378,307,366,388,381,344,152,86.3,153,243,272,288,292,309,323,338,325,327,341,354,379,265,348,320,325,298,212,211,235,284,234,253,252,269,305,331,363,339,,,,,
Gibraltar,,,,,,,,,,,,1660,1650,1710,1660,1750,1780,1730,1720,1820,1810,1870,1970,2040,2050,2130,2210,2190,2360,2780,2710,3220,3560,3690,3780,3830,3890,3920,4050,4190,4360,4400,4480,4590,4600,4840,4930,5000,5300,5480,5500,5240,5320,5650,5920,,,,,
Greece,242,273,305,342,408,475,625,742,803,918,1020,1200,1360,1550,1560,1660,1800,1900,2100,2180,2250,2260,2270,2420,2560,2670,2720,2860,3100,3210,3220,3250,3400,3460,3600,3710,3830,3990,4180,4320,4590,4720,4910,5090,5200,5300,5430,5700,5810,5630,5330,5390,5530,5030,5060,,,,,
Guatemala,,,,,,,,,,,,123,143,151,128,170,203,215,220,227,266,224,195,168,172,181,150,171,168,192,205,211,261,247,270,299,262,243,317,366,332,360,365,454,487,486,540,552,541,550,556,550,550,579,601,,,,,
"Hong Kong, China",,,,,,,,,,,,1300,1310,1420,1350,1440,1610,1800,1950,2000,2160,2230,2360,2620,2790,2920,3200,3850,4070,3940,4180,4400,4510,4700,4840,4850,4920,4970,5330,5270,5450,5550,5650,5710,5780,5880,5880,5910,5880,5950,5970,5960,6030,5940,6080,,,,,
Honduras,,,,,,,,,,,,123,124,140,145,152,158,177,177,200,205,218,215,225,232,276,273,319,331,325,361,345,322,335,299,348,395,407,437,439,482,489,510,533,532,565,576,626,646,615,608,653,626,632,608,,,,,
Croatia,,,,,,,,,,,,,,,,,,,,,,,,,,,,,,,2970,2610,2230,2220,2200,2310,2410,2610,2630,2780,2830,2990,3190,3260,3430,3580,3740,3850,3990,3820,3920,3900,3820,3750,3710,,,,,
Haiti,,,,,,,,,,,,12.4,17.1,20,22.9,29.5,26.8,30.4,34.4,35.9,41.3,48.3,48.8,50,50.5,51.7,55.1,53.8,55.2,57.6,59.8,45.7,40.9,29,19,30.7,34.4,42.7,37.5,39.7,36.2,35.6,30.9,29.1,28.6,37.6,38,25.7,23.9,36.2,24.8,31.7,46.8,44.4,39.6,,,,,
Hungary,,,,,,1140,1220,1310,1380,1470,1590,1710,1830,1960,2070,2150,2280,2420,2610,2640,2700,2740,2830,2950,3100,3190,3270,3420,3430,3480,3430,3220,3120,3000,3030,3070,3160,3190,3220,3320,3310,3430,3550,3640,3680,3770,3880,3980,3990,3770,3880,3900,3920,3890,3970,,,,,
Indonesia,,,,,,,,,,,,14.3,15.8,15.8,19.1,21.4,18.3,21.6,31.6,38.5,45.9,52,61.1,65.8,71.1,79.4,91.6,104,119,137,162,177,193,212,239,262,295,328,328,353,386,406,412,424,469,495,511,540,564,588,630,675,728,769,808,910,956,1020,1060,1080
India,,,,,,,,,,,,97.4,100,100,104,114,124,126,136,136,142,152,159,166,184,195,209,221,241,258,273,292,305,321,341,359,359,375,385,391,393,392,409,428,449,465,506,539,558,596,637,693,718,758,797,,,,,
Ireland,695,752,838,886,1040,1130,1240,1340,1500,1610,1750,1880,2020,2140,2250,2180,2380,2540,2690,2940,2870,2830,2790,2850,2960,3110,3270,3410,3430,3600,3770,3900,4100,4190,4350,4530,4790,4980,5200,5430,5800,5900,6040,6090,6170,6240,6350,6220,6340,5950,5930,5660,5650,5700,5670,,,,,
Iran,,,,,,,,,,,,274,315,383,420,457,489,513,511,556,540,554,604,676,715,751,764,818,817,879,951,989,1050,1110,1170,1200,1290,1340,1390,1470,1550,1640,1740,1890,2010,2070,2200,2280,2380,2460,2600,2620,2720,2760,2930,,,,,
Iraq,,,,,,,,,,,,262,262,307,326,367,415,488,581,728,792,733,897,1030,1200,1260,1310,1290,1310,1300,1290,1100,1310,1300,1330,1370,1320,1310,1260,1220,1180,1180,1200,985,1140,785,932,762,747,826,1180,1250,1070,1330,1240,,,,,
Iceland,2610,2870,2900,2980,3070,2970,2910,2920,2990,3800,6470,7000,7650,9900,9960,9590,10k,10.6k,11k,11.8k,12.7k,12.9k,14k,14.6k,15.2k,14.8k,15.4k,15.3k,16.4k,16.4k,16.1k,15.9k,16.1k,16.7k,17.1k,17.4k,17.4k,19k,21.3k,24.5k,26.2k,27k,27.9k,27.7k,28.2k,28k,31.3k,36.9k,50.1k,51.3k,51.4k,52.4k,53.2k,54.8k,53.8k,,,,,
Israel,,,,,,,,,,,,2290,2500,2500,2520,2620,2720,2830,3010,3050,3020,3070,3170,3310,3360,3490,3410,3760,4030,4230,4180,3980,4570,4620,4930,5130,5340,5490,5820,5970,6320,6400,6500,6600,6530,6570,6710,7000,7130,6610,6950,6930,7180,6710,6600,,,,,
Italy,975,1050,1140,1270,1350,1450,1570,1690,1820,1930,2070,2150,2300,2460,2540,2480,2710,2780,2890,3040,3100,3100,3130,3130,3300,3390,3490,3660,3830,4010,4140,4220,4310,4300,4440,4600,4660,4790,4960,5080,5300,5410,5540,5650,5690,5730,5830,5800,5760,5370,5490,5510,5400,5160,5000,,,,,
Jamaica,,,,,,,,,,,,823,977,1010,1060,704,746,766,766,693,670,655,781,754,605,592,618,654,623,587,878,721,1460,1540,1710,2070,2130,2180,2270,2300,2310,2320,2390,2460,2430,2450,2430,1970,1190,1260,1250,1240,1070,1040,1080,,,,,
Jordan,,,,,,,,,,,,145,170,191,207,234,278,242,277,351,392,450,529,662,746,785,814,887,881,885,957,924,1030,1050,1080,1140,1190,1190,1250,1270,1310,1340,1410,1450,1570,1600,1660,1720,1830,1840,1930,1990,2150,2050,1920,,,,,
Japan,1100,1260,1330,1520,1690,1790,2000,2270,2510,2890,3250,3420,3740,4070,3970,4040,4310,4440,4670,4860,4720,4750,4700,4960,5180,5320,5330,5640,5910,6240,6810,7010,7020,7080,7510,7690,7840,7990,8000,8150,8300,8160,8270,8160,8390,8540,8540,8710,8270,8020,8590,8100,8000,7990,7820,,,,,
Kazakhstan,,,,,,,,,,,,,,,,,,,,,,,,,,,,,,,5910,5640,5350,4530,4330,4040,3640,3170,2950,2840,3170,3510,3560,3770,3860,4010,4260,4490,4660,4450,4730,4890,5180,5350,5600,,,,,
Kenya,,,,,,,,,,,,76.4,80.8,83.6,86.1,89.4,95.8,97.8,101,105,105,109,108,108,109,115,117,127,120,123,126,128,128,131,128,130,132,130,131,121,108,118,116,122,129,131,139,142,141,142,150,151,153,164,167,,,,,
Kyrgyz Republic,,,,,,,,,,,,,,,,,,,,,,,,,,,,,,,2330,2320,2330,1910,1900,2070,1970,1800,1680,1800,1700,1450,1370,1640,1420,1370,1380,1460,1380,1320,1370,1650,1810,1890,1940,,,,,
Cambodia,,,,,,,,,,,,,,,,,,,,,,,,,,,,,,,,,,,,13.2,19.7,24,26.5,30.2,32.8,36.7,50.6,51.8,55.9,66.9,80.7,100,114,127,144,165,207,222,273,,,,,
South Korea,,,,,,,,,,,,296,344,397,459,502,578,659,780,881,914,972,1030,1140,1250,1340,1480,1670,1920,2100,2370,2590,2830,3090,3500,3880,4280,4650,4440,4880,5910,6310,6670,6980,7390,7800,8040,8460,8770,8880,9720,10.1k,10.3k,10.4k,10.5k,,,,,
Kosovo,,,,,,,,,,,,,,,,,,,,,,,,,,,,,,,,,,,,,,,,,1560,1970,1950,1910,2110,2170,2230,2400,2640,2560,2650,2950,2860,2920,2820,,,,,
Kuwait,,,,,,,,,,,,2810,3300,3460,3640,3890,4080,4420,4830,5610,5560,5860,6510,6620,7050,7510,7960,8170,8530,8870,10.3k,7530,9790,11.5k,12.8k,12.8k,13.3k,13.5k,14.7k,15k,14.9k,15.3k,15.8k,16.9k,17.1k,17.3k,17.8k,17.1k,17.1k,16.7k,17k,16k,15.8k,14.7k,15.3k,,,,,
Lebanon,,,,,,,,,,,,507,555,627,675,619,586,560,664,821,856,905,976,1050,1090,1090,1140,1230,1040,638,390,764,900,1040,1130,1200,1610,1890,2260,2230,2240,2260,2380,2440,2400,2410,2320,2380,2500,2650,3020,3040,2660,2880,2580,,,,,
Libya,,,,,,,,,,,,203,221,432,497,623,740,875,986,1160,1220,1170,1120,1090,1060,1050,1100,1500,1610,1570,1650,1730,1830,1890,1900,1850,1870,1880,2190,2270,2310,2330,2840,2990,3120,3400,3740,3720,3070,3030,3210,2870,2400,2450,1890,,,,,
Sri Lanka,,,,,,,,,,,,57.7,64.2,66.5,67,71,72.6,74.5,81.1,89.1,94.8,101,110,115,118,128,137,137,141,138,151,158,166,183,200,216,204,230,249,263,295,291,303,326,354,400,403,420,426,425,460,502,524,526,531,,,,,
Lithuania,,,,,,,,,,,,,,,,,,,,,,,,,,,,,,,4020,4020,3170,2490,2500,2540,2740,2730,2830,2700,2520,2700,2850,3090,3200,3190,3350,3560,3730,3620,3470,3530,3610,3660,3820,,,,,
Luxembourg,4550,4630,5090,7020,8690,9110,9540,9500,9210,10.3k,10.6k,11.9k,11.7k,11.8k,13.1k,10.6k,11.5k,10.4k,10.8k,11k,10.8k,11.1k,11k,11.1k,11.7k,12.1k,12.2k,12.3k,13.4k,13.5k,13.7k,14.1k,12.9k,12.6k,13.7k,14.9k,14.6k,15.1k,15.5k,15k,15.7k,15.6k,16k,16.3k,16.3k,15.6k,16.5k,16.4k,15.9k,14.4k,16.8k,15.6k,14.7k,14.2k,13.9k,,,,,
Latvia,,,,,,,,,,,,,,,,,,,,,,,,,,,,,,,3400,3290,2640,2050,1970,2000,1990,2060,2130,2070,2080,2210,2310,2490,2610,2780,2970,3170,3210,3030,3230,3260,3590,3470,3510,,,,,
Morocco,,,,,,,,,,,,131,144,157,163,168,183,197,210,227,241,252,265,283,285,297,309,313,344,338,363,376,407,408,428,438,440,457,485,458,494,528,539,584,614,635,688,716,731,743,773,823,874,879,903,,,,,
Moldova,,,,,,,,,,,,,,,,,,,,,,,,,,,,,,,4030,4280,3690,3210,2760,2610,2460,2320,2310,2170,2040,2250,2330,2620,2440,2550,2700,2480,2520,2170,2140,1830,1880,1680,1730,,,,,
Mexico,,,,,,,,,,,,519,563,594,639,666,704,745,799,842,888,929,987,1010,1050,1090,1120,1170,1200,1270,1220,1330,1350,1340,1430,1450,1470,1550,1670,1710,1820,1850,1860,2010,1940,2010,2030,2060,2070,2020,2050,2250,2280,2170,2190,,,,,
North Macedonia,,,,,,,,,,,,,,,,,,,,,,,,,,,,,,,2600,2650,2920,2600,2710,2800,2910,3000,3080,2870,2910,2810,2790,3150,3180,3410,3490,3660,3710,3450,3600,3910,3700,3570,3510,,,,,
Malta,,,,,,,,,,,,1010,1070,1210,1010,1110,1250,1360,1480,1600,1660,1750,1830,1860,1920,2110,2250,2490,2690,2850,2820,3600,3730,3720,3740,3920,3790,3830,3920,4200,4310,4290,4500,4870,4800,4910,4900,4870,4840,4430,4770,4870,5000,4920,4920,,,,,
Myanmar,,,,,,,,,,,,19.8,21.2,22.8,22.6,25.5,27.8,30.2,31.7,33.5,34.7,31.2,33.2,33.6,36.3,43.2,43.3,43.5,38.7,41.5,45.5,42.1,45.5,52,55.3,58.5,59,66,66.5,69.8,77.2,70.2,75,82,82.6,76.8,90.6,91.6,96.5,102,127,158,160,190,220,,,,,
Montenegro,,,,,,,,,,,,,,,,,,,,,,,,,,,,,,,,,,,,,,,,,,,,,,6310,6450,6560,6290,5010,5420,5740,5420,4570,4610,,,,,
Mongolia,,,,,,,,,,,,,,,,,,,,,,,,,,1470,1560,1570,1610,1620,1510,1350,1230,1100,1070,1080,1070,1040,1050,1020,1030,1050,1070,1120,1180,1240,1290,1330,1420,1380,1500,1510,1610,1920,2030,,,,,
Mozambique,,,,,,,,,,,,55.2,54.1,61.3,72.1,58.7,64.6,59.5,62.6,37.7,37.8,37.5,49.7,38.7,30,31.7,36.8,41.7,34,38.8,41.2,54.8,54.1,51.2,44.4,45.8,45.5,54.1,48.7,68.9,125,277,267,377,454,457,467,468,452,453,462,463,467,457,483,,,,,
Mauritius,,,,,,,,,,,,147,161,180,202,212,249,280,280,310,299,296,294,301,301,314,347,388,436,482,671,729,780,820,857,945,1020,1110,1210,1230,1360,1450,1470,1560,1610,1680,1740,1820,1880,1910,2000,2030,2080,2150,2180,,,,,
Malaysia,,,,,,,,,,,,328,364,393,419,450,489,556,586,646,688,718,757,796,844,870,912,952,1030,1110,1190,1300,1460,1570,1820,2040,2220,2510,2560,2680,2780,2780,2830,2910,2970,2850,3030,3230,3240,3870,4070,4030,4250,4420,4540,,,,,
Namibia,,,,,,,,,,,,,,,,,,,,,,,,,,,,,,,,1090,1040,1110,975,967,1040,993,1080,1150,1040,1070,1110,1150,1430,1500,1590,1600,1640,1590,1600,1630,1680,1710,1670,,,,,
Niger,,,,,,,,,,,,,,,,,,,,,,,,,,,,,,,,,,,,,,,,,31.9,30.1,29.8,29.2,32.9,36.1,34.3,38.5,38.7,42.1,43.7,46.9,48.9,47.9,50.8,,,,,
Nigeria,,,,,,,,,,,,28.8,33,35.6,33.1,46.2,52,59.7,61.3,60.3,68.5,51.1,81.9,81.8,62.1,80.4,90.8,89.3,87.2,97.1,87.1,89.6,90,101,95.4,91.3,85.7,81.8,76.7,75.5,74.1,75.1,104,101,122,128,110,137,125,119,134,148,154,140,142,,,,,
Nicaragua,,,,,,,,,,,,221,240,218,257,265,299,330,319,246,256,263,273,289,291,284,280,293,289,317,302,295,298,287,275,287,307,345,337,325,341,340,350,365,391,411,424,457,470,475,504,525,565,581,562,,,,,
Netherlands,1350,1420,1530,1650,1780,1910,2090,2240,2490,2710,2950,3150,3410,3610,3740,3770,4010,4080,4250,4400,4360,4290,4240,4300,4410,4520,4570,4720,4920,5050,5220,5330,5440,5490,5640,5720,5910,6070,6260,6350,6510,6600,6640,6700,6880,6910,7030,7160,7170,6860,7010,7060,6880,6830,6710,,,,,
Curaçao,,,,,,,,,,,,4090,4310,4480,4580,4640,4670,4620,4730,4820,4880,4860,4950,4960,4570,4230,3440,3830,3940,4250,4660,4770,5160,5540,5880,6090,6300,6280,6770,7000,7290,7220,7280,7520,7570,7610,7240,7320,7150,7420,7470,7380,5060,4930,4800,,,,,
Norway,7680,8400,9390,9660,10.6k,11.4k,11.7k,12.3k,13.5k,13.2k,13.5k,14.1k,14.5k,15.5k,16.3k,16.3k,16.9k,16.5k,17.3k,18.9k,18.7k,19.4k,19.4k,20.5k,21.9k,22.6k,22.2k,22.8k,23k,22.9k,23.4k,23.8k,23.8k,24k,24.2k,24.5k,24k,24.3k,25.4k,25.1k,25k,25.6k,24.6k,23.2k,24.2k,25.1k,24.1k,24.9k,24.9k,23.9k,24.9k,23.5k,24.1k,23.8k,23k,,,,,
Nepal,,,,,,,,,,,,5.79,7.28,5.55,6.9,6.39,8.64,9.48,10.1,11.2,11.9,13.6,16.8,17.9,19.3,21.3,24.7,26.9,29.1,31.5,33.9,35.9,35.6,37.1,39.8,42.4,44.8,45.2,47.8,53.5,57.3,62.9,65.9,68.9,72.8,75.5,82.4,86.5,82.8,96.4,102,115,119,134,144,,,,,
New Zealand,2460,2620,2750,3080,3250,3510,3680,3710,3880,4090,4270,4690,5310,5530,5460,5800,6090,6150,6150,6180,6340,6500,6870,7300,7510,7560,7880,7900,8130,8470,8970,8840,8640,8910,8930,9110,9070,9090,9130,9140,9380,9420,9530,9410,9670,9670,9700,9640,9560,9400,9600,9460,9360,9090,9010,,,,,
Oman,,,,,,,,,,,,16,32.5,56.3,106,171,284,411,451,548,708,856,1020,1180,1390,1620,1940,1950,2050,2020,2200,2150,2240,2450,2520,2620,2650,2790,3030,3010,3100,3320,3420,3480,3790,3920,4250,4470,4970,5600,5830,5930,6110,6120,6470,,,,,
Pakistan,,,,,,,,,,,,91.7,89.3,99.4,105,109,106,108,119,136,132,141,151,162,174,189,203,215,240,248,259,276,310,311,320,330,330,332,313,322,334,336,341,363,379,409,429,424,390,403,408,399,396,426,420,,,,,
Panama,,,,,,,,,,,,527,573,633,620,639,681,721,702,804,782,797,846,914,867,902,927,972,878,838,840,885,918,967,1020,1070,1090,1180,1190,1230,1280,1300,1340,1370,1440,1470,1490,1580,1640,1650,1750,1830,1960,2030,2070,,,,,
Peru,,,,,,,,,,,,389,407,410,427,436,444,473,467,477,499,525,549,514,549,542,564,588,550,547,539,571,470,515,525,537,578,594,627,638,661,686,721,746,785,821,874,958,1030,1040,1100,1250,1230,1290,1330,,,,,
Philippines,,,,,,,,,,,,226,251,311,300,306,322,321,321,338,366,331,332,357,337,347,310,319,344,362,363,356,338,338,380,402,431,464,480,468,500,519,523,556,576,577,568,581,582,586,633,638,659,677,691,,,,,
Poland,905,988,1060,1090,1170,1250,1360,1480,1590,1700,1810,1960,2110,2260,2410,2590,2740,2870,2990,3010,3080,2880,2900,3040,3160,3260,3380,3520,3570,3540,3270,3090,2960,2980,2990,3060,3160,3210,3210,3170,3260,3260,3210,3320,3420,3440,3580,3660,3730,3590,3800,3880,3900,3940,3970,,,,,
North Korea,,,,,,,,,,,,875,903,931,961,991,1010,1020,1040,1050,1070,1080,1090,1110,1120,1180,1160,1180,1250,1290,1210,1130,1000,881,904,885,807,721,624,679,699,723,704,743,772,800,779,744,798,724,739,653,651,617,600,,,,,
Portugal,320,350,379,410,460,487,543,572,615,681,764,835,912,995,1080,1080,1140,1250,1340,1470,1560,1570,1640,1740,1770,1870,1970,2060,2200,2400,2540,2680,2820,2800,2870,3080,3200,3350,3550,3800,3990,4120,4270,4380,4530,4680,4830,4890,4850,4840,4960,4850,4740,4690,4660,,,,,
Paraguay,,,,,,,,,,,,84,91.6,108,116,120,134,162,193,221,250,274,271,277,304,305,349,400,449,465,525,545,580,650,727,813,824,862,869,889,918,907,922,879,872,914,979,1050,1110,1170,1270,1380,1470,1590,1680,,,,,
Qatar,,,,,,,,,,,,2370,2670,2570,2570,3200,3410,4000,4980,6860,7830,8360,8880,8910,9370,10.2k,10.7k,10.4k,10.4k,10.3k,10.3k,9600,10.3k,10.7k,10.9k,10.7k,11.7k,11.7k,13.1k,13k,13.2k,13.6k,14.3k,14.9k,15.8k,15.8k,15.6k,14.7k,13.9k,14.1k,15.4k,16k,17.1k,16k,16.4k,,,,,
Romania,,,,,,,,,,,,1630,1790,1910,2020,2210,2420,2550,2660,2690,2880,2950,2930,2970,3080,3130,3320,3280,3390,3410,2920,2520,2320,2270,2230,2330,2430,2250,2110,1940,1990,2070,2080,2240,2300,2370,2450,2530,2610,2390,2550,2640,2600,2490,2580,,,,,
Russia,,,,,,,,,,,,,,,,,,,,,,,,,,,,,,,6690,6550,6110,5730,5190,5100,5020,4940,4850,5000,5200,5270,5300,5480,5630,5770,6100,6290,6400,6100,6410,6490,6620,6540,6600,,,,,
Saudi Arabia,,,,,,,,,,,,309,340,393,474,502,682,786,1040,1520,1880,2170,2600,2720,3080,3120,3480,3750,3850,3940,4080,4150,4400,4720,4790,4860,4870,4990,5290,5390,5430,5710,5830,6310,6210,6460,6600,6620,6800,6990,7440,7510,8040,8390,9050,,,,,
Sudan,,,,,,,,,,,,32,33.5,39.4,45.1,46.1,46.4,47.1,48.6,47.3,42.1,38.6,39.6,37.2,50.1,54.1,60.2,61.4,54.7,51.9,60.8,58.9,59.5,57.3,59.2,58.4,59.2,55.6,54.1,80.1,82.5,69.3,81.4,86.3,87.2,103,115,123,134,154,179,195,217,220,264,,,,,
Senegal,,,,,,,,,,,,72,72.9,78.4,78,81.2,84.5,89.7,95.2,99.9,101,104,94.4,104,109,103,101,103,104,100,104,103,109,105,111,110,111,119,123,119,104,126,149,129,142,162,161,186,163,195,205,206,218,218,233,,,,,
Singapore,,,,,,,,,,,,1150,1370,1600,1630,1730,1880,2070,2370,2530,2720,2780,2810,3050,3260,3440,3690,4090,4400,4640,4980,5100,5240,5500,5840,6070,6310,6830,6970,7190,7580,7520,7760,8110,8310,8680,8720,8710,8400,8110,8680,8650,8670,8680,8840,,,,,
El Salvador,,,,,,,,,,,,172,185,207,220,214,244,264,287,295,279,266,263,283,291,300,303,319,326,325,346,363,376,427,463,495,507,547,562,581,608,620,662,690,689,757,823,891,865,855,867,891,927,971,950,,,,,
Serbia,,,,,,,,,,,,,,,,,,,,,,,,,,,,,,,4630,4410,4270,3480,3410,3790,4130,4290,4300,3980,4200,4430,4480,4330,4260,3920,4040,4160,4290,4220,4360,4490,4390,4440,4270,,,,,
South Sudan,,,,,,,,,,,,,,,,,,,,,,,,,,,,,,,,,,,,,,,,,,,,,,,,,,,,,39.2,40.1,41,,,,,
Suriname,,,,,,,,,,,,,,,,,,,,,,,,,,,,,,,,,,,,,,,,,2230,2310,2480,2400,2510,2680,2670,2680,2940,2930,2890,3210,3210,3520,3490,,,,,
Slovak Republic,,,,,,,,,,,,2700,2830,3030,3140,3110,3260,3410,3470,3810,4360,4410,4440,4520,4620,4840,4940,5090,5150,5270,5540,5120,4700,4570,4580,4930,5150,5070,4680,5030,4960,5030,5050,5020,5100,4930,5150,5270,5290,4950,5200,5350,5140,5200,5140,,,,,
Slovenia,,,,,,,,,,,,,,,,,,,,,,,,,,,,,,,5330,5090,4940,4950,5240,5310,5370,5430,5570,5680,5780,6010,6380,6580,6830,6920,7120,7140,6920,6100,6510,6750,6720,6780,6730,,,,,
Sweden,4000,4360,4610,4730,5190,5520,5630,6020,6510,7020,7320,7670,8130,8750,8790,9050,9750,9830,10.1k,10.7k,10.7k,11.1k,11.4k,12.6k,13.7k,15k,14.9k,15.7k,15.9k,15.7k,15.8k,15.9k,15.5k,15.5k,15.3k,15.5k,15.4k,15.4k,15.5k,15.5k,15.7k,16k,15.7k,15.4k,15.4k,15.4k,15.3k,15.3k,14.9k,14.1k,14.9k,14k,14.3k,13.9k,13.5k,,,,,
Syria,,,,,,,,,,,,177,203,183,212,238,231,224,290,317,358,416,525,607,596,625,612,595,631,680,691,702,704,689,753,834,896,918,964,1020,1070,1150,1230,1280,1380,1480,1510,1480,1500,1470,1740,1550,1230,974,908,,,,,
Togo,,,,,,,,,,,,61.7,59.2,53.5,69,71.3,66.9,101,115,73.2,60.3,64.6,71.4,64.9,74.3,75.5,75,79.3,79.4,84.2,88.5,82.2,90.6,69.1,78.7,99.5,102,103,104,111,93.6,97.4,94.7,101,105,108,106,100,103,121,121,132,141,141,151,,,,,
Thailand,,,,,,,,,,,,124,145,167,171,190,214,242,271,289,301,309,331,360,392,417,447,497,553,631,727,808,907,1020,1110,1250,1380,1410,1360,1360,1450,1500,1610,1710,1820,1900,1990,2060,2080,2070,2270,2240,2400,2460,2480,,,,,
Tajikistan,,,,,,,,,,,,,,,,,,,,,,,,,,,,,,,3280,3110,2910,2510,2470,2340,2260,1990,2040,2160,2140,2110,2100,2100,2120,2110,2100,2040,1920,1880,1870,1790,1740,1680,1490,,,,,
Turkmenistan,,,,,,,,,,,,,,,,,,,,,,,,,,,,,,,2260,2180,1980,2050,1660,1560,1430,1170,1550,1400,1670,1760,1740,1710,1870,2000,2050,2180,2240,2270,2300,2330,2340,2450,2590,,,,,
Trinidad and Tobago,,,,,,,,,,,,991,1100,1080,1110,1090,1210,1340,1420,1670,1800,2000,2330,2480,2540,2520,2710,2830,2540,2430,2590,2550,2740,2710,2770,2980,3110,3480,3590,3630,3800,3900,3880,4530,4450,4870,5020,5360,5390,5390,5830,6010,6220,6430,6660,,,,,
Tunisia,,,,,,,,,,,,155,174,190,202,211,233,265,293,343,390,411,399,439,452,496,518,541,571,589,617,629,663,685,737,747,758,797,837,915,958,1010,1040,969,1010,1050,1080,1120,1160,1240,1330,1290,1370,1380,1410,,,,,
Turkey,92.2,96.5,111,119,130,142,154,167,181,202,218,242,272,293,308,355,417,459,477,486,494,519,544,556,614,659,697,769,806,870,923,957,1030,1100,1130,1210,1310,1420,1500,1530,1630,1590,1650,1750,1870,1990,2150,2320,2390,2290,2460,2670,2750,2730,2820,,,,,
Tanzania,,,,,,,,,,,,30.1,31.8,33.3,33.4,33.7,34.1,34,33.2,35.5,35.4,36.4,34.5,32.7,33.3,34.9,39,39.3,42.7,45.1,49.7,53.1,52.2,47.7,48.3,56,59.9,54.8,59.5,55,57.5,61.1,66.4,66.3,77.8,77.6,63.7,79.8,84.3,71,95,85.9,96.3,98.7,102,,,,,
Ukraine,,,,,,,,,,,,,,,,,,,,,,,,,,,,,,,4790,4640,4310,3950,3480,3350,3060,2960,2840,2790,2780,2790,2840,3000,3150,3250,3400,3530,3530,3230,3550,3660,3640,3600,3420,,,,,
Uruguay,,,,,,,,,,,,735,696,701,696,751,792,831,903,920,991,1030,1030,1030,1040,1070,1100,1160,1250,1200,1240,1340,1370,1460,1490,1590,1650,1750,1820,1930,2050,2020,2010,1890,1930,2000,2230,2420,2600,2670,2820,2830,2950,3010,3090,,,,,
USA,4050,4180,4430,4690,4970,5230,5590,5890,6390,6900,7240,7520,8080,8570,8450,8520,8970,9340,9560,9700,9860,9980,9540,9740,10.3k,10.4k,10.4k,10.9k,11.3k,11.5k,11.7k,12.1k,12k,12.3k,12.5k,12.7k,12.9k,12.9k,13.2k,13.3k,13.7k,13k,13.3k,13.3k,13.4k,13.7k,13.6k,13.7k,13.7k,12.9k,13.4k,13.2k,13k,13k,13k,,,,,
Uzbekistan,,,,,,,,,,,,,,,,,,,,,,,,,,,,,,,2380,2320,2130,2020,1920,1840,1830,1820,1780,1750,1780,1770,1780,1760,1770,1720,1760,1660,1650,1640,1650,1630,1610,1640,1650,,,,,
Venezuela,,,,,,,,,,,,1050,1110,1160,1220,1230,1290,1400,1540,1830,2020,2250,2070,2220,2340,2330,2320,2440,2600,2480,2460,2530,2670,2680,2650,2630,2650,2680,2650,2580,2640,2710,2730,2640,2770,2860,2970,2990,3090,3060,3170,3230,3290,3290,2710,,,,,
Vietnam,,,,,,,,,,,,41.8,39.1,40.8,35.2,40.3,47.9,54.8,55.4,54.2,55.3,55.6,57.9,57.2,66.2,69.2,72.2,79,86.1,93.2,96.8,100,103,114,131,155,183,206,236,256,290,330,382,438,488,575,650,734,809,913,1030,1110,1210,1280,1430,,,,,
Yemen,,,,,,,,,,,,29.8,29.8,27.8,31.5,32.7,37.2,38,41.8,44.3,54.6,57,66.3,67.7,73,74.6,84.8,87.4,95.7,94.2,110,118,120,124,113,119,115,128,125,124,133,138,146,156,163,173,183,199,216,213,238,181,181,234,205,,,,,
South Africa,,,,,,,,,,,,2200,2350,2460,2570,2690,2820,2880,3020,3230,3410,3570,3640,3690,3920,3990,4040,3960,3990,3970,3910,3810,3700,3750,3810,3920,4450,4570,4390,4280,4400,4150,4390,4430,4470,4530,4630,4770,4590,4370,4490,4530,4340,4270,4180,,,,,
Zambia,,,,,,,,,,,,1000,1060,1110,1180,1160,1180,1120,1080,1070,1060,1100,1090,1070,1030,982,934,919,973,814,797,771,770,775,766,744,719,671,613,617,629,649,673,689,707,710,716,670,589,564,583,621,719,732,702,,,,,
Zimbabwe,,,,,,,,,,,,664,845,869,904,979,1040,957,907,962,992,968,955,898,846,956,893,903,883,911,893,881,806,758,806,854,895,924,891,935,901,873,876,873,846,881,860,748,619,578,600,630,602,619,597,,,,,
